{
  "mean": [
    0.5226799264052487,
    0.41574689527515174,
    0.7459067917268294,
    0.5718443591983121,
    0.26672169532126605,
    0.5784472444163916,
    0.8845848740569247,
    0.7779632498942514,
    0.14314390977853483,
    0.8037757902890545,
    0.7421885055277164,
    0.6204890323989474,
    0.20890667850295133,
    0.6322348733357044,
    0.4690951088251674,
    0.6669362580158634,
    0.26625832493766766,
    0.6677348446951648
  ],
  "std": [
    0.02444251117076501,
    0.01568135789157523,
    0.027939321762654824,
    0.02779307590610999,
    0.026312976477606862,
    0.024841152576006484,
    0.11773446930576867,
    0.10696504447261072,
    0.08069181809504741,
    0.10944128485861175,
    0.25459875124783216,
    0.22462242546831854,
    0.14409991692601454,
    0.2800958682470199,
    0.3014553970176819,
    0.4297861237138906,
    0.1730298775372618,
    0.43039578125154354
  ],
  "feat_dim": 18,
  "seq_len": 15
}