{
  "mean": [
    0.5007584095001221,
    0.1489071398973465,
    0.42047297954559326,
    0.27837371826171875,
    0.5807531476020813,
    0.2784603536128998,
    0.3780495524406433,
    0.3605177700519562,
    0.6079680919647217,
    0.3412245213985443,
    0.3743540942668915,
    0.3765137493610382,
    0.5993296504020691,
    0.32228484749794006,
    0.4507981538772583,
    0.5487533211708069,
    0.5508058667182922,
    0.5489557981491089
  ],
  "std": [
    0.04714240878820419,
    0.035375479608774185,
    0.04712768271565437,
    0.03159264102578163,
    0.04837721586227417,
    0.031558193266391754,
    0.0701279565691948,
    0.0672648623585701,
    0.07267652451992035,
    0.06374527513980865,
    0.10458098351955414,
    0.1540156602859497,
    0.1095658540725708,
    0.140982523560524,
    0.047136109322309494,
    0.035756610333919525,
    0.047760043293237686,
    0.03589272499084473
  ],
  "feat_dim": 18,
  "seq_len": 15
}